{"cameraMode":{"drawMode":0,"name":"Shaded","section":"Shading Mode"},"sceneLighting":true,"audioPlay":false,"sceneViewState":{"showFog":true,"showMaterialUpdate":false,"showSkybox":true,"showFlares":true,"showImageEffects":true,"showParticleSystems":true},"in2DMode":false,"pivot":{"x":4.52024507522583,"y":2.0564587116241457,"z":3.999450922012329},"rotation":{"x":0.142893984913826,"y":-0.013361040502786637,"z":0.0019293857039883733,"w":0.9896467924118042},"size":11.973332405090332,"orthographic":true}